{
  "project_info": {
    "project_number": "431632239122",
    "firebase_url": "https://location-finders.firebaseio.com",
    "project_id": "location-finders",
    "storage_bucket": "location-finders.appspot.com"
  },
  "client": [
    {
      "client_info": {
        "mobilesdk_app_id": "1:431632239122:android:b80d5efb84dc4c4427e6cb",
        "android_client_info": {
          "package_name": "com.nepninja.locationfinder"
        }
      },
      "oauth_client": [
        {
          "client_id": "431632239122-k07retolfsq5ckbs1eg7obmrfajorheq.apps.googleusercontent.com",
          "client_type": 1,
          "android_info": {
            "package_name": "com.nepninja.locationfinder",
            "certificate_hash": "48e668ae4ba9df92987f5f01f87be23fb47db910"
          }
        },
        {
          "client_id": "431632239122-7ouvd908fe93pugrlo8gm84qeh5ervqv.apps.googleusercontent.com",
          "client_type": 3
        }
      ],
      "api_key": [
        {
          "current_key": "AIzaSyCxiiqMjul-HywH3AaqWBzc1I7PDG1jW2Q"
        }
      ],
      "services": {
        "appinvite_service": {
          "other_platform_oauth_client": [
            {
              "client_id": "431632239122-7ouvd908fe93pugrlo8gm84qeh5ervqv.apps.googleusercontent.com",
              "client_type": 3
            }
          ]
        }
      }
    }
  ],
  "configuration_version": "1"
}